enhancement,channel,ocr,cards,assertions passed,assertions total,fields correct (%),mean latency (s),SLA met
deskew,red,easyocr,10,30,40,65.0,2.307,TBD
deskew,green-blue,easyocr,10,29,40,66.2,2.333,TBD
+.25 contrast,red-blue,easyocr,10,29,40,63.8,2.419,TBD
+50% saturation,red,tesseract,10,28,40,62.5,0.513,TBD
deskew,red,tesseract,10,27,40,66.2,0.528,TBD
sharpen,green,easyocr,10,27,40,61.2,2.353,TBD
-50 brightness,red-green,tesseract,10,27,40,57.5,0.566,TBD
+50 brightness,red,tesseract,10,26,40,66.2,0.51,TBD
+.25 contrast,red,tesseract,10,26,40,65.0,0.505,TBD
+.25 contrast,grayscale,easyocr,10,26,40,63.8,2.412,TBD
+50 brightness,green-blue,tesseract,10,26,40,63.8,0.533,TBD
+.25 contrast,green-blue,tesseract,10,26,40,62.5,0.514,TBD
sharpen,grayscale,tesseract,10,26,40,62.5,0.579,TBD
deskew,none,tesseract,10,26,40,62.5,0.679,TBD
+50 brightness,red-blue,easyocr,10,26,40,61.2,2.357,TBD
-50 brightness,blue,tesseract,10,26,40,60.0,0.588,TBD
deskew,none,easyocr,10,26,40,60.0,2.413,TBD
deskew,green,easyocr,10,26,40,58.8,2.355,TBD
none,red-green,tesseract,10,26,40,56.2,0.571,TBD
none,red,easyocr,10,25,40,65.0,2.384,TBD
deskew,blue,tesseract,10,25,40,63.8,0.618,TBD
+.25 contrast,none,easyocr,10,25,40,61.2,2.432,TBD
sharpen,red,easyocr,10,25,40,61.2,2.291,TBD
+.25 contrast,blue,easyocr,10,25,40,58.8,2.446,TBD
+50 brightness,none,easyocr,10,25,40,57.5,2.368,TBD
none,grayscale,tesseract,10,25,40,56.2,0.564,TBD
+.50 contrast,red,tesseract,10,25,40,55.0,0.495,TBD
+50 brightness,red-blue,tesseract,10,25,40,55.0,0.526,TBD
sharpen,blue,tesseract,10,25,40,53.8,0.636,TBD
+50 brightness,red-green,easyocr,10,24,40,66.2,2.365,TBD
+.25 contrast,green-blue,easyocr,10,24,40,63.8,2.283,TBD
+.25 contrast,red,easyocr,10,24,40,62.5,2.269,TBD
+.25 contrast,red-blue,tesseract,10,24,40,61.2,0.512,TBD
deskew,grayscale,tesseract,10,24,40,61.2,0.58,TBD
+.50 contrast,none,tesseract,10,24,40,58.8,0.535,TBD
+50% saturation,none,easyocr,10,24,40,58.8,2.41,TBD
sharpen,red,tesseract,10,24,40,57.5,0.539,TBD
none,blue,tesseract,10,24,40,56.2,0.578,TBD
deskew,grayscale,easyocr,10,24,40,56.2,2.395,TBD
+50% saturation,green-blue,tesseract,10,24,40,55.0,0.57,TBD
sharpen,green,tesseract,10,24,40,52.5,0.541,TBD
+100 brightness,none,tesseract,10,24,40,50.0,0.552,TBD
none,green-blue,easyocr,10,23,40,65.0,2.394,TBD
-50 brightness,green,easyocr,10,23,40,65.0,2.435,TBD
deskew,green-blue,tesseract,10,23,40,63.8,0.573,TBD
+.25 contrast,none,tesseract,10,23,40,60.0,0.586,TBD
-50 brightness,red,tesseract,10,23,40,60.0,0.52,TBD
+50 brightness,green-blue,easyocr,10,23,40,60.0,2.236,TBD
none,red,tesseract,10,23,40,58.8,0.52,TBD
deskew,red-green,tesseract,10,23,40,58.8,0.583,TBD
-50 brightness,grayscale,tesseract,10,23,40,56.2,0.579,TBD
+50 brightness,blue,easyocr,10,23,40,56.2,2.398,TBD
deskew,green,tesseract,10,23,40,56.2,0.599,TBD
sharpen,red-green,tesseract,10,23,40,55.0,0.57,TBD
+50% saturation,grayscale,tesseract,10,23,40,53.8,0.576,TBD
deskew,red-green,easyocr,10,23,40,53.8,2.435,TBD
+50% saturation,red,easyocr,10,22,40,63.8,2.282,TBD
-50 brightness,red,easyocr,10,22,40,62.5,2.373,TBD
none,none,easyocr,10,22,40,61.2,2.492,TBD
+50 brightness,none,tesseract,10,22,40,57.5,0.584,TBD
sharpen,none,easyocr,10,22,40,56.2,2.412,TBD
sharpen,green-blue,tesseract,10,22,40,56.2,0.58,TBD
none,none,tesseract,10,22,40,52.5,0.637,TBD
-50 brightness,none,tesseract,10,22,40,51.2,0.62,TBD
+.50 contrast,grayscale,tesseract,10,22,40,50.0,0.539,TBD
+50 brightness,grayscale,easyocr,10,21,40,61.2,2.37,TBD
none,green,easyocr,10,21,40,60.0,2.422,TBD
+50 brightness,green,easyocr,10,21,40,60.0,2.215,TBD
+.25 contrast,red-green,tesseract,10,21,40,58.8,0.545,TBD
+50% saturation,blue,easyocr,10,21,40,57.5,2.426,TBD
+.25 contrast,red-green,easyocr,10,21,40,56.2,2.411,TBD
+50 brightness,blue,tesseract,10,21,40,56.2,0.551,TBD
+.50 contrast,red-blue,tesseract,10,21,40,55.0,0.53,TBD
-50 brightness,green,tesseract,10,21,40,53.8,0.522,TBD
+.50 contrast,blue,easyocr,10,21,40,52.5,2.319,TBD
none,green,tesseract,10,21,40,51.2,0.546,TBD
deskew,red-blue,easyocr,10,21,40,51.2,2.393,TBD
+.50 contrast,none,easyocr,10,21,40,47.5,2.358,TBD
-50 brightness,green-blue,easyocr,10,20,40,60.0,2.357,TBD
sharpen,green-blue,easyocr,10,20,40,60.0,2.354,TBD
+50% saturation,green-blue,easyocr,10,20,40,57.5,2.346,TBD
deskew,red-blue,tesseract,10,20,40,57.5,0.541,TBD
+.25 contrast,green,easyocr,10,20,40,56.2,2.281,TBD
+.25 contrast,blue,tesseract,10,20,40,55.0,0.558,TBD
+50 brightness,red,easyocr,10,20,40,55.0,2.18,TBD
+50% saturation,red-green,tesseract,10,20,40,55.0,0.587,TBD
-50 brightness,blue,easyocr,10,20,40,53.8,2.466,TBD
+50 brightness,red-green,tesseract,10,20,40,53.8,0.539,TBD
+.50 contrast,green,easyocr,10,20,40,52.5,2.27,TBD
+.50 contrast,red-green,tesseract,10,20,40,50.0,0.548,TBD
+.50 contrast,grayscale,easyocr,10,20,40,50.0,2.328,TBD
+.50 contrast,red-green,easyocr,10,20,40,48.8,2.365,TBD
+50% saturation,blue,tesseract,10,20,40,47.5,0.632,TBD
+100 brightness,red,tesseract,10,20,40,43.8,0.523,TBD
+50 brightness,grayscale,tesseract,10,19,40,56.2,0.55,TBD
none,red-blue,tesseract,10,19,40,53.8,0.531,TBD
none,red-blue,easyocr,10,19,40,50.0,2.469,TBD
+50% saturation,none,tesseract,10,19,40,48.8,0.666,TBD
+.50 contrast,green-blue,easyocr,10,19,40,47.5,2.265,TBD
+50% saturation,green,tesseract,10,19,40,41.2,0.522,TBD
-50 brightness,none,easyocr,10,18,40,60.0,2.491,TBD
none,grayscale,easyocr,10,18,40,57.5,2.48,TBD
-50 brightness,red-blue,easyocr,10,18,40,55.0,2.397,TBD
-50 brightness,grayscale,easyocr,10,18,40,55.0,2.4,TBD
none,red-green,easyocr,10,18,40,53.8,2.484,TBD
-50 brightness,green-blue,tesseract,10,18,40,52.5,0.551,TBD
sharpen,blue,easyocr,10,18,40,52.5,2.41,TBD
sharpen,red-blue,tesseract,10,18,40,52.5,0.585,TBD
sharpen,grayscale,easyocr,10,18,40,52.5,2.384,TBD
-50 brightness,red-blue,tesseract,10,18,40,51.2,0.544,TBD
deskew,blue,easyocr,10,18,40,51.2,2.416,TBD
+.50 contrast,green-blue,tesseract,10,18,40,48.8,0.522,TBD
+.50 contrast,blue,tesseract,10,18,40,47.5,0.536,TBD
+.50 contrast,red,easyocr,10,18,40,46.2,2.238,TBD
+100 brightness,red-blue,tesseract,10,18,40,45.0,0.531,TBD
+.25 contrast,grayscale,tesseract,10,17,40,55.0,0.541,TBD
+50% saturation,green,easyocr,10,17,40,55.0,2.324,TBD
+50% saturation,red-blue,easyocr,10,17,40,53.8,2.428,TBD
none,blue,easyocr,10,17,40,52.5,2.48,TBD
none,green-blue,tesseract,10,17,40,52.5,0.541,TBD
+.50 contrast,red-blue,easyocr,10,17,40,50.0,2.335,TBD
+50% saturation,red-blue,tesseract,10,17,40,47.5,0.592,TBD
sharpen,none,tesseract,10,17,40,46.2,0.666,TBD
+100 brightness,green-blue,tesseract,10,17,40,42.5,0.539,TBD
+50 brightness,green,tesseract,10,17,40,41.2,0.505,TBD
-50 brightness,red-green,easyocr,10,16,40,55.0,2.494,TBD
sharpen,red-blue,easyocr,10,16,40,51.2,2.412,TBD
+50% saturation,red-green,easyocr,10,16,40,50.0,2.436,TBD
sharpen,red-green,easyocr,10,16,40,50.0,2.438,TBD
+50% saturation,grayscale,easyocr,10,16,40,47.5,2.406,TBD
+100 brightness,red-green,tesseract,10,16,40,41.2,0.542,TBD
+.25 contrast,green,tesseract,10,16,40,40.0,0.512,TBD
+.75 contrast,none,tesseract,10,16,40,40.0,0.54,TBD
+.75 contrast,red,tesseract,10,16,40,33.8,0.534,TBD
+100 brightness,red-green,easyocr,10,16,40,31.2,2.259,TBD
+.75 contrast,red-blue,tesseract,10,16,40,27.5,0.529,TBD
+100 brightness,green,easyocr,10,15,40,30.0,2.219,TBD
+100 brightness,grayscale,easyocr,10,15,40,30.0,2.242,TBD
+100 brightness,grayscale,tesseract,10,14,40,37.5,0.543,TBD
+100 brightness,blue,easyocr,10,14,40,33.8,2.255,TBD
+100 brightness,green-blue,easyocr,10,14,40,28.8,2.239,TBD
+.50 contrast,green,tesseract,10,13,40,42.5,0.483,TBD
+.75 contrast,red-green,tesseract,10,13,40,32.5,0.556,TBD
+.75 contrast,grayscale,tesseract,10,13,40,32.5,0.518,TBD
+100 brightness,blue,tesseract,10,12,40,35.0,0.512,TBD
+100 brightness,none,easyocr,10,12,40,28.8,2.263,TBD
+100 brightness,red-blue,easyocr,10,12,40,26.2,2.267,TBD
+.75 contrast,green-blue,tesseract,10,11,40,32.5,0.538,TBD
+.75 contrast,red-green,easyocr,10,10,40,28.8,2.543,TBD
+100 brightness,red,easyocr,10,10,40,25.0,2.227,TBD
+.75 contrast,green,tesseract,10,9,40,30.0,0.498,TBD
+.75 contrast,blue,easyocr,10,9,40,28.8,2.314,TBD
+100 brightness,green,tesseract,10,9,40,26.2,0.502,TBD
+.75 contrast,green,easyocr,10,9,40,25.0,2.276,TBD
+.75 contrast,grayscale,easyocr,10,9,40,22.5,2.32,TBD
simple laplacian,red-blue,easyocr,10,9,40,13.8,2.478,TBD
+.75 contrast,red-blue,easyocr,10,8,40,26.2,2.306,TBD
+.75 contrast,green-blue,easyocr,10,8,40,21.2,2.316,TBD
simple laplacian,grayscale,easyocr,10,8,40,11.2,2.435,TBD
+.75 contrast,blue,tesseract,10,7,40,25.0,0.496,TBD
+.75 contrast,red,easyocr,10,7,40,23.8,2.264,TBD
+.75 contrast,none,easyocr,10,7,40,21.2,2.335,TBD
simple laplacian,green-blue,easyocr,10,7,40,17.5,2.367,TBD
simple laplacian,green,easyocr,10,7,40,13.8,2.384,TBD
simple laplacian,red-green,easyocr,10,7,40,12.5,2.453,TBD
simple laplacian,none,easyocr,10,7,40,8.8,2.476,TBD
simple laplacian,blue,easyocr,10,5,40,12.5,2.469,TBD
simple laplacian,red,easyocr,10,5,40,8.8,2.352,TBD
simple laplacian,none,tesseract,10,4,40,15.0,0.936,TBD
simple laplacian,red-green,tesseract,10,4,40,12.5,0.759,TBD
simple laplacian,red,tesseract,10,3,40,11.2,0.613,TBD
simple laplacian,blue,tesseract,10,2,40,13.8,0.782,TBD
simple laplacian,green-blue,tesseract,10,2,40,11.2,0.701,TBD
precise laplacian,red-green,easyocr,10,2,40,3.8,2.377,TBD
simple laplacian,grayscale,tesseract,10,1,40,11.2,0.697,TBD
simple laplacian,green,tesseract,10,1,40,7.5,0.729,TBD
precise laplacian,green-blue,easyocr,10,1,40,5.0,2.285,TBD
precise laplacian,none,easyocr,10,1,40,3.8,2.384,TBD
precise laplacian,green,easyocr,10,1,40,3.8,2.303,TBD
precise laplacian,red,easyocr,10,1,40,3.8,2.271,TBD
precise laplacian,grayscale,easyocr,10,1,40,2.5,2.346,TBD
precise laplacian,none,tesseract,10,1,40,1.2,1.362,TBD
precise laplacian,blue,easyocr,10,1,40,1.2,2.313,TBD
precise laplacian,red-blue,easyocr,10,1,40,1.2,2.333,TBD
simple laplacian,red-blue,tesseract,10,0,40,8.8,0.695,TBD
precise laplacian,green-blue,tesseract,10,0,40,3.8,0.849,TBD
precise laplacian,green,tesseract,10,0,40,2.5,1.085,TBD
precise laplacian,red,tesseract,10,0,40,2.5,0.875,TBD
precise laplacian,red-green,tesseract,10,0,40,1.2,1.114,TBD
precise laplacian,red-blue,tesseract,10,0,40,1.2,0.953,TBD
precise laplacian,blue,tesseract,10,0,40,0.0,1.079,TBD
precise laplacian,grayscale,tesseract,10,0,40,0.0,1.063,TBD
