enhancement,channel,ocr,cards,assertions passed,assertions total,accuracy (%),fields correct (%),mean latency (s),SLA met
deskew,green-blue,easyocr,20,58,80,72.5,64.4,2.388,TBD
deskew,none,easyocr,20,56,80,70.0,62.5,2.531,TBD
sharpen,red,tesseract,20,56,80,70.0,61.9,0.654,TBD
deskew,blue,easyocr,20,55,80,68.8,63.1,2.339,TBD
-50 brightness,blue,easyocr,20,53,80,66.2,66.2,2.315,TBD
deskew,red,tesseract,20,53,80,66.2,66.2,0.653,TBD
deskew,blue,tesseract,20,52,80,65.0,66.9,0.549,TBD
none,none,easyocr,20,52,80,65.0,65.6,2.552,TBD
+50% saturation,blue,easyocr,20,51,80,63.8,63.1,2.329,TBD
deskew,red-green,tesseract,20,51,80,63.8,62.5,0.619,TBD
deskew,green,easyocr,20,51,80,63.8,60.6,2.406,TBD
none,blue,easyocr,20,51,80,63.8,60.6,2.375,TBD
deskew,grayscale,easyocr,20,51,80,63.8,57.5,2.449,TBD
sharpen,blue,easyocr,20,49,80,61.2,61.9,2.317,TBD
+50% saturation,red-green,tesseract,20,49,80,61.2,55.6,0.653,TBD
+50 brightness,none,easyocr,20,48,80,60.0,65.0,2.514,TBD
+.25 contrast,green-blue,easyocr,20,48,80,60.0,61.9,2.343,TBD
+50% saturation,green-blue,easyocr,20,48,80,60.0,61.9,2.397,TBD
+.25 contrast,grayscale,easyocr,20,48,80,60.0,60.6,2.41,TBD
+50 brightness,grayscale,easyocr,20,48,80,60.0,60.0,2.484,TBD
none,green-blue,easyocr,20,47,80,58.8,60.6,2.372,TBD
sharpen,blue,tesseract,20,47,80,58.8,60.0,0.531,TBD
+.25 contrast,blue,easyocr,20,47,80,58.8,59.4,2.274,TBD
-50 brightness,red,tesseract,20,47,80,58.8,59.4,0.627,TBD
sharpen,none,tesseract,20,47,80,58.8,58.1,0.702,TBD
+.50 contrast,red-green,tesseract,20,47,80,58.8,56.2,0.529,TBD
+.25 contrast,none,easyocr,20,45,80,56.2,63.1,2.497,TBD
sharpen,green,easyocr,20,45,80,56.2,62.5,2.383,TBD
-50 brightness,green-blue,easyocr,20,45,80,56.2,60.6,2.451,TBD
sharpen,none,easyocr,20,45,80,56.2,59.4,2.481,TBD
deskew,none,tesseract,20,45,80,56.2,58.8,0.732,TBD
+.25 contrast,red-blue,easyocr,20,45,80,56.2,57.5,2.415,TBD
deskew,red-blue,easyocr,20,45,80,56.2,55.6,2.456,TBD
+.25 contrast,green,easyocr,20,44,80,55.0,60.6,2.376,TBD
-50 brightness,none,easyocr,20,44,80,55.0,59.4,2.429,TBD
+.25 contrast,red-green,tesseract,20,44,80,55.0,58.1,0.543,TBD
none,red,tesseract,20,44,80,55.0,57.5,0.612,TBD
+50 brightness,blue,tesseract,20,44,80,55.0,56.9,0.565,TBD
+.50 contrast,red-blue,tesseract,20,44,80,55.0,53.8,0.539,TBD
+.50 contrast,grayscale,tesseract,20,44,80,55.0,52.5,0.528,TBD
+.50 contrast,none,easyocr,20,44,80,55.0,50.6,2.378,TBD
deskew,green-blue,tesseract,20,43,80,53.8,61.2,0.555,TBD
none,green,easyocr,20,43,80,53.8,60.6,2.379,TBD
-50 brightness,green,easyocr,20,43,80,53.8,60.0,2.388,TBD
+50 brightness,green-blue,easyocr,20,43,80,53.8,56.2,2.351,TBD
+50 brightness,red-blue,easyocr,20,43,80,53.8,56.2,2.429,TBD
+.25 contrast,blue,tesseract,20,43,80,53.8,55.6,0.551,TBD
deskew,green,tesseract,20,43,80,53.8,55.6,0.584,TBD
sharpen,grayscale,tesseract,20,43,80,53.8,55.0,0.6,TBD
+.50 contrast,none,tesseract,20,43,80,53.8,54.4,0.562,TBD
+50% saturation,red,tesseract,20,43,80,53.8,53.1,0.633,TBD
+.25 contrast,green,tesseract,20,43,80,53.8,52.5,0.522,TBD
+.50 contrast,red,tesseract,20,43,80,53.8,50.6,0.552,TBD
deskew,red-blue,tesseract,20,42,80,52.5,61.2,0.569,TBD
+50 brightness,green,easyocr,20,42,80,52.5,58.1,2.427,TBD
-50 brightness,blue,tesseract,20,42,80,52.5,57.5,0.516,TBD
none,blue,tesseract,20,42,80,52.5,56.9,0.526,TBD
none,grayscale,easyocr,20,42,80,52.5,56.9,2.49,TBD
sharpen,red-green,tesseract,20,42,80,52.5,56.9,0.659,TBD
-50 brightness,none,tesseract,20,42,80,52.5,55.0,0.661,TBD
+50 brightness,red-green,easyocr,20,42,80,52.5,54.4,2.432,TBD
+.50 contrast,red-green,easyocr,20,42,80,52.5,51.9,2.35,TBD
+.50 contrast,grayscale,easyocr,20,42,80,52.5,48.1,2.33,TBD
sharpen,green-blue,easyocr,20,41,80,51.2,59.4,2.396,TBD
deskew,grayscale,tesseract,20,41,80,51.2,57.5,0.588,TBD
+.25 contrast,green-blue,tesseract,20,41,80,51.2,54.4,0.503,TBD
+50% saturation,green,easyocr,20,41,80,51.2,53.1,2.378,TBD
deskew,red,easyocr,20,41,80,51.2,53.1,2.553,TBD
+.50 contrast,green,tesseract,20,41,80,51.2,50.0,0.523,TBD
+.50 contrast,green-blue,tesseract,20,41,80,51.2,49.4,0.491,TBD
+100 brightness,red-blue,tesseract,20,41,80,51.2,46.9,0.575,TBD
+100 brightness,red-green,tesseract,20,41,80,51.2,45.6,0.551,TBD
+100 brightness,none,tesseract,20,41,80,51.2,43.1,0.587,TBD
+50% saturation,red-blue,easyocr,20,40,80,50.0,56.9,2.48,TBD
+50 brightness,none,tesseract,20,40,80,50.0,55.6,0.628,TBD
sharpen,red-green,easyocr,20,40,80,50.0,55.6,2.47,TBD
+50% saturation,red-blue,tesseract,20,40,80,50.0,55.0,0.614,TBD
+50% saturation,green-blue,tesseract,20,40,80,50.0,54.4,0.55,TBD
+50 brightness,blue,easyocr,20,40,80,50.0,53.8,2.319,TBD
+50 brightness,red-green,tesseract,20,40,80,50.0,53.1,0.556,TBD
sharpen,green,tesseract,20,40,80,50.0,53.1,0.579,TBD
sharpen,red-blue,tesseract,20,40,80,50.0,51.9,0.585,TBD
-50 brightness,green,tesseract,20,40,80,50.0,51.2,0.557,TBD
+50 brightness,green,tesseract,20,40,80,50.0,50.0,0.539,TBD
+.25 contrast,red,tesseract,20,39,80,48.8,55.6,0.579,TBD
+50% saturation,grayscale,tesseract,20,39,80,48.8,55.6,0.608,TBD
-50 brightness,red,easyocr,20,39,80,48.8,55.6,2.442,TBD
+.25 contrast,none,tesseract,20,39,80,48.8,55.0,0.631,TBD
sharpen,red-blue,easyocr,20,39,80,48.8,55.0,2.456,TBD
+.25 contrast,red-green,easyocr,20,39,80,48.8,54.4,2.408,TBD
none,none,tesseract,20,39,80,48.8,54.4,0.683,TBD
+50 brightness,red,tesseract,20,39,80,48.8,53.8,0.571,TBD
+50 brightness,green-blue,tesseract,20,39,80,48.8,52.5,0.516,TBD
+50% saturation,none,easyocr,20,38,80,47.5,58.8,2.459,TBD
-50 brightness,grayscale,easyocr,20,38,80,47.5,57.5,2.489,TBD
none,red-blue,easyocr,20,38,80,47.5,56.9,2.509,TBD
sharpen,grayscale,easyocr,20,38,80,47.5,56.2,2.526,TBD
+50 brightness,red,easyocr,20,38,80,47.5,55.6,2.458,TBD
none,grayscale,tesseract,20,38,80,47.5,53.8,0.584,TBD
none,red,easyocr,20,38,80,47.5,53.8,2.474,TBD
+50 brightness,grayscale,tesseract,20,38,80,47.5,52.5,0.56,TBD
+.50 contrast,red-blue,easyocr,20,38,80,47.5,50.0,2.324,TBD
deskew,red-green,easyocr,20,38,80,47.5,48.8,2.465,TBD
+50% saturation,none,tesseract,20,38,80,47.5,47.5,0.674,TBD
none,green,tesseract,20,38,80,47.5,46.2,0.565,TBD
-50 brightness,red-green,easyocr,20,37,80,46.2,55.6,2.579,TBD
sharpen,red,easyocr,20,37,80,46.2,53.8,2.474,TBD
sharpen,green-blue,tesseract,20,37,80,46.2,52.5,0.551,TBD
none,red-green,tesseract,20,37,80,46.2,51.9,0.585,TBD
+100 brightness,green,tesseract,20,37,80,46.2,40.6,0.52,TBD
-50 brightness,red-blue,easyocr,20,36,80,45.0,55.6,2.539,TBD
+50% saturation,grayscale,easyocr,20,36,80,45.0,54.4,2.446,TBD
none,green-blue,tesseract,20,36,80,45.0,53.8,0.52,TBD
+50 brightness,red-blue,tesseract,20,36,80,45.0,52.5,0.549,TBD
+.25 contrast,red,easyocr,20,36,80,45.0,51.9,2.45,TBD
+.75 contrast,none,tesseract,20,36,80,45.0,38.1,0.613,TBD
+.25 contrast,grayscale,tesseract,20,35,80,43.8,55.6,0.562,TBD
-50 brightness,red-green,tesseract,20,35,80,43.8,53.1,0.621,TBD
+50% saturation,red-green,easyocr,20,35,80,43.8,51.9,2.463,TBD
none,red-green,easyocr,20,35,80,43.8,51.9,2.467,TBD
+.50 contrast,red,easyocr,20,35,80,43.8,46.9,2.341,TBD
+50% saturation,green,tesseract,20,35,80,43.8,46.9,0.566,TBD
-50 brightness,green-blue,tesseract,20,34,80,42.5,54.4,0.532,TBD
+.25 contrast,red-blue,tesseract,20,34,80,42.5,51.2,0.534,TBD
+50% saturation,red,easyocr,20,33,80,41.2,51.2,2.491,TBD
+.50 contrast,green,easyocr,20,33,80,41.2,49.4,2.31,TBD
+100 brightness,grayscale,tesseract,20,33,80,41.2,41.2,0.529,TBD
+.50 contrast,green-blue,easyocr,20,32,80,40.0,46.2,2.305,TBD
-50 brightness,grayscale,tesseract,20,31,80,38.8,53.1,0.598,TBD
none,red-blue,tesseract,20,31,80,38.8,50.0,0.572,TBD
+100 brightness,red,tesseract,20,31,80,38.8,39.4,0.542,TBD
+.75 contrast,red-blue,tesseract,20,31,80,38.8,37.5,0.566,TBD
-50 brightness,red-blue,tesseract,20,30,80,37.5,51.2,0.57,TBD
+100 brightness,green-blue,tesseract,20,30,80,37.5,38.8,0.533,TBD
+.75 contrast,green-blue,tesseract,20,30,80,37.5,33.8,0.567,TBD
+.50 contrast,blue,easyocr,20,29,80,36.2,45.6,2.256,TBD
+.75 contrast,green,tesseract,20,29,80,36.2,35.0,0.535,TBD
+.50 contrast,blue,tesseract,20,28,80,35.0,39.4,0.528,TBD
+50% saturation,blue,tesseract,20,27,80,33.8,43.8,0.531,TBD
+.75 contrast,grayscale,tesseract,20,26,80,32.5,36.9,0.571,TBD
+100 brightness,red-green,easyocr,20,26,80,32.5,36.9,2.323,TBD
+.75 contrast,red,tesseract,20,26,80,32.5,31.9,0.541,TBD
+100 brightness,red-blue,easyocr,20,26,80,32.5,31.2,2.347,TBD
+.75 contrast,blue,tesseract,20,26,80,32.5,27.5,0.547,TBD
+.75 contrast,red-green,tesseract,20,25,80,31.2,36.2,0.552,TBD
+.75 contrast,red,easyocr,20,25,80,31.2,33.8,2.315,TBD
+100 brightness,grayscale,easyocr,20,25,80,31.2,32.5,2.34,TBD
+100 brightness,red,easyocr,20,24,80,30.0,35.0,2.334,TBD
+.75 contrast,red-green,easyocr,20,24,80,30.0,31.2,2.312,TBD
+100 brightness,none,easyocr,20,24,80,30.0,30.6,2.346,TBD
+.75 contrast,grayscale,easyocr,20,23,80,28.8,33.1,2.303,TBD
+100 brightness,blue,tesseract,20,23,80,28.8,31.2,0.615,TBD
+.75 contrast,none,easyocr,20,22,80,27.5,34.4,2.334,TBD
+.75 contrast,green-blue,easyocr,20,22,80,27.5,31.2,2.302,TBD
+.75 contrast,red-blue,easyocr,20,21,80,26.2,31.9,2.313,TBD
+.75 contrast,green,easyocr,20,21,80,26.2,30.6,2.303,TBD
+100 brightness,green-blue,easyocr,20,21,80,26.2,26.2,2.309,TBD
+100 brightness,blue,easyocr,20,21,80,26.2,23.8,2.419,TBD
+100 brightness,green,easyocr,20,20,80,25.0,30.6,2.315,TBD
+.75 contrast,blue,easyocr,20,18,80,22.5,26.2,2.292,TBD
simple laplacian,green-blue,tesseract,20,12,80,15.0,15.6,0.694,TBD
simple laplacian,red-green,tesseract,20,12,80,15.0,15.0,0.742,TBD
simple laplacian,blue,easyocr,20,11,80,13.8,12.5,2.456,TBD
simple laplacian,red-blue,tesseract,20,10,80,12.5,12.5,0.704,TBD
simple laplacian,red,tesseract,20,8,80,10.0,13.8,0.779,TBD
simple laplacian,grayscale,tesseract,20,8,80,10.0,11.9,0.742,TBD
simple laplacian,green,tesseract,20,8,80,10.0,11.9,0.686,TBD
simple laplacian,blue,tesseract,20,7,80,8.8,12.5,0.723,TBD
simple laplacian,green-blue,easyocr,20,7,80,8.8,12.5,2.491,TBD
simple laplacian,grayscale,easyocr,20,6,80,7.5,8.8,2.539,TBD
simple laplacian,green,easyocr,20,6,80,7.5,8.8,2.498,TBD
simple laplacian,none,easyocr,20,6,80,7.5,8.8,2.564,TBD
simple laplacian,red-blue,easyocr,20,6,80,7.5,7.5,2.53,TBD
simple laplacian,red-green,easyocr,20,5,80,6.2,9.4,2.542,TBD
simple laplacian,none,tesseract,20,5,80,6.2,8.8,0.867,TBD
simple laplacian,red,easyocr,20,4,80,5.0,8.8,2.561,TBD
precise laplacian,green-blue,tesseract,20,2,80,2.5,2.5,1.02,TBD
precise laplacian,red-blue,easyocr,20,1,80,1.2,3.8,2.412,TBD
precise laplacian,blue,tesseract,20,1,80,1.2,1.9,1.024,TBD
precise laplacian,grayscale,tesseract,20,1,80,1.2,1.9,0.829,TBD
precise laplacian,red-blue,tesseract,20,1,80,1.2,1.9,0.99,TBD
precise laplacian,green,tesseract,20,1,80,1.2,1.2,0.976,TBD
precise laplacian,grayscale,easyocr,20,0,80,0.0,5.0,2.401,TBD
precise laplacian,red,tesseract,20,0,80,0.0,3.8,1.113,TBD
precise laplacian,red-green,easyocr,20,0,80,0.0,3.8,2.408,TBD
precise laplacian,none,easyocr,20,0,80,0.0,2.5,2.42,TBD
precise laplacian,none,tesseract,20,0,80,0.0,2.5,1.098,TBD
precise laplacian,red-green,tesseract,20,0,80,0.0,2.5,0.919,TBD
precise laplacian,green,easyocr,20,0,80,0.0,1.9,2.326,TBD
precise laplacian,red,easyocr,20,0,80,0.0,1.9,2.39,TBD
precise laplacian,blue,easyocr,20,0,80,0.0,0.6,2.277,TBD
precise laplacian,green-blue,easyocr,20,0,80,0.0,0.0,2.367,TBD
